Model,Target,Fold,RMSE,MAE,MAPE_%,R2
Adam_ANN_MLP,Tensile_Strength_Mpa,1,1.584071249066201,1.1822504288942945,7.152723666375552,0.9844407552999016
Adam_ANN_MLP,Compressive_Strength_Mpa,1,2.525286994536371,1.957337123257613,9.97403407341114,0.9746954661474566
Adam_ANN_MLP,Tensile_Strength_Mpa,2,1.8178955924981284,1.452683343378516,8.50729112480197,0.9797171759893726
Adam_ANN_MLP,Compressive_Strength_Mpa,2,2.619402404221106,2.1652140784750906,9.582403997088369,0.9730398800341261
Adam_ANN_MLP,Tensile_Strength_Mpa,3,1.3242235091546488,1.050910417289852,6.025939420946431,0.9883801205620485
Adam_ANN_MLP,Compressive_Strength_Mpa,3,2.2160724506193126,1.8207259431893617,8.905102248847406,0.9791644818284904
Adam_ANN_MLP,Tensile_Strength_Mpa,4,1.7275351061474369,1.3096418504353153,7.785131058132882,0.9782433537849542
Adam_ANN_MLP,Compressive_Strength_Mpa,4,2.128965115547514,1.7181785070241025,8.140748464588384,0.9788309893923117
Adam_ANN_MLP,Tensile_Strength_Mpa,5,1.4546935446366078,1.141128263945735,7.203143279984661,0.978370521642905
Adam_ANN_MLP,Compressive_Strength_Mpa,5,1.7378534152167806,1.4453007601460002,6.965294238249113,0.9802230523404601
Bayesian_Regularized_ANN,Tensile_Strength_Mpa,1,0.6112780371321488,0.4539422009529874,2.297477600611736,0.9976830499450813
Bayesian_Regularized_ANN,Compressive_Strength_Mpa,1,0.8008682494181762,0.59067619103884,2.4313544287979716,0.9974549342306013
Bayesian_Regularized_ANN,Tensile_Strength_Mpa,2,0.6495003627036244,0.5035522279130038,2.5890728708045154,0.9974108968989731
Bayesian_Regularized_ANN,Compressive_Strength_Mpa,2,0.7910806202485289,0.6090830292170019,2.307938802088593,0.9975409980817525
Bayesian_Regularized_ANN,Tensile_Strength_Mpa,3,0.5076918234691107,0.3634822800369111,1.5546224209253428,0.9982920334037974
Bayesian_Regularized_ANN,Compressive_Strength_Mpa,3,0.6168156307567466,0.42104196294434043,1.4408618670456963,0.9983858379319105
Bayesian_Regularized_ANN,Tensile_Strength_Mpa,4,0.4281036427795064,0.34471940387010586,1.825658815070049,0.9986639090170536
Bayesian_Regularized_ANN,Compressive_Strength_Mpa,4,0.5317565038782099,0.4179587781032889,1.7064645951413362,0.9986793458792634
Bayesian_Regularized_ANN,Tensile_Strength_Mpa,5,0.4932062193830082,0.36507592693919066,1.8385712543682813,0.9975136623222299
Bayesian_Regularized_ANN,Compressive_Strength_Mpa,5,0.599572239584731,0.43947165808895433,1.7655428203387142,0.9976459482056901
Support_Vector_Regression_SVR,Tensile_Strength_Mpa,1,1.4252812157706136,1.0219171965852516,8.55151512598149,0.9874037807671373
Support_Vector_Regression_SVR,Compressive_Strength_Mpa,1,1.7842911824287087,1.2757366698822026,8.524724889214367,0.9873669470685661
Support_Vector_Regression_SVR,Tensile_Strength_Mpa,2,1.75956014224127,1.1989288334502248,7.895151358751503,0.9809980233334017
Support_Vector_Regression_SVR,Compressive_Strength_Mpa,2,2.207664833753804,1.5051877828998386,7.917113652915536,0.9808493439514696
Support_Vector_Regression_SVR,Tensile_Strength_Mpa,3,1.9445527390690236,1.3938648044551927,7.504318938180249,0.9749436107431235
Support_Vector_Regression_SVR,Compressive_Strength_Mpa,3,2.432836542619334,1.748000824072001,7.537325372862756,0.9748891012356918
Support_Vector_Regression_SVR,Tensile_Strength_Mpa,4,1.590831761672953,1.129058236147937,7.2601884199892055,0.9815504111223687
Support_Vector_Regression_SVR,Compressive_Strength_Mpa,4,1.988784543299653,1.4091506769746123,7.263170445367003,0.9815269356986509
Support_Vector_Regression_SVR,Tensile_Strength_Mpa,5,1.4878816588656445,1.1495909266689932,7.586121521784447,0.9773723317468382
Support_Vector_Regression_SVR,Compressive_Strength_Mpa,5,1.8745128940099878,1.452702389932712,7.645948245749906,0.9769903588853587
Decision_Tree,Tensile_Strength_Mpa,1,0.3450038819657377,0.11840909090909132,0.5078842157766763,0.9992619478472053
Decision_Tree,Compressive_Strength_Mpa,1,0.429928735411426,0.14762987012987094,0.5064906013896386,0.99926655119759
Decision_Tree,Tensile_Strength_Mpa,2,0.6879293228571908,0.3069264069264075,1.1257302748386981,0.9970954544464552
Decision_Tree,Compressive_Strength_Mpa,2,0.885014837517576,0.39491341991342005,1.1661925413311593,0.9969223553045969
Decision_Tree,Tensile_Strength_Mpa,3,0.35479116895234214,0.1000865800865808,0.4871179778778733,0.9991658874851389
Decision_Tree,Compressive_Strength_Mpa,3,0.44749245239388635,0.1293073593073599,0.5308687788670078,0.9991504130643526
Decision_Tree,Tensile_Strength_Mpa,4,0.6387639832345954,0.28199730094467024,1.0010841909304715,0.9970254653848016
Decision_Tree,Compressive_Strength_Mpa,4,0.8087963150818271,0.3553036437246968,1.0022110207479933,0.9969447848581107
Decision_Tree,Tensile_Strength_Mpa,5,0.24260254358115627,0.0932017543859657,0.5575804362173112,0.9993984195388832
Decision_Tree,Compressive_Strength_Mpa,5,0.29854667467427004,0.11447368421052696,0.5519561444223201,0.9994163433243779
AdaBoost,Tensile_Strength_Mpa,1,2.4269023131317464,1.918704347437443,10.158879560315869,0.9634789143615495
AdaBoost,Compressive_Strength_Mpa,1,3.092208694895557,2.461307335928853,10.511262305376725,0.9620585039578893
AdaBoost,Tensile_Strength_Mpa,2,2.798763332751018,2.197448652405129,9.828926277935542,0.951924600707464
AdaBoost,Compressive_Strength_Mpa,2,3.5283111873760595,2.7620377942820933,9.887966678879314,0.9510839770321111
AdaBoost,Tensile_Strength_Mpa,3,2.7161725828081855,2.249723742266448,10.292182799529675,0.9511129583860954
AdaBoost,Compressive_Strength_Mpa,3,3.3846889687690145,2.7948942502810312,10.159665332623769,0.9513957855877934
AdaBoost,Tensile_Strength_Mpa,4,2.26687863842497,1.8255729539836825,8.197324687163734,0.9625376750721535
AdaBoost,Compressive_Strength_Mpa,4,2.8383133359460757,2.285644394369145,8.217485919003092,0.962374338377586
AdaBoost,Tensile_Strength_Mpa,5,2.183179984731317,1.7864989574031747,8.36422238087929,0.9512828241062877
AdaBoost,Compressive_Strength_Mpa,5,2.7574871706015953,2.26399157463111,8.476012000508165,0.9502079528969701
Random_Forest_Tuned,Tensile_Strength_Mpa,1,0.3327903446232115,0.2227129148629197,0.9035171383030677,0.9993132786926824
Random_Forest_Tuned,Compressive_Strength_Mpa,1,0.41618910871145304,0.2791822510822532,0.9107246375841492,0.9993126811115565
Random_Forest_Tuned,Tensile_Strength_Mpa,2,0.6579960968382847,0.3967787775716214,1.5886527036409546,0.997342720825686
Random_Forest_Tuned,Compressive_Strength_Mpa,2,0.846640080280878,0.5061790764790466,1.6280162537382796,0.9971834658238812
Random_Forest_Tuned,Tensile_Strength_Mpa,3,0.5690455027707296,0.3054352813852846,1.1202004488571768,0.997854280117451
Random_Forest_Tuned,Compressive_Strength_Mpa,3,0.7028852757204161,0.3810247474747564,1.1393328894231196,0.9979039323878998
Random_Forest_Tuned,Tensile_Strength_Mpa,4,0.5787357095293285,0.3372975041771183,1.4443770206758346,0.9975582637710748
Random_Forest_Tuned,Compressive_Strength_Mpa,4,0.7286193049224146,0.425394726399346,1.4603266207388008,0.9975204959757226
Random_Forest_Tuned,Tensile_Strength_Mpa,5,0.2725897250228785,0.18739680451127497,1.0032429850457603,0.9992405101303591
Random_Forest_Tuned,Compressive_Strength_Mpa,5,0.3380050572479188,0.23275086675021028,0.9977633171805367,0.9992518660259117
Extra_Trees_Ensemble,Tensile_Strength_Mpa,1,0.37466379734231864,0.2458787878788012,1.0332146513600187,0.9991295926516218
Extra_Trees_Ensemble,Compressive_Strength_Mpa,1,0.473560694739045,0.3104761904762042,1.0509381199525973,0.9991101267430987
Extra_Trees_Ensemble,Tensile_Strength_Mpa,2,0.567632777151699,0.36293506493506217,1.4900925964235754,0.9980224590771435
Extra_Trees_Ensemble,Compressive_Strength_Mpa,2,0.7283368945993309,0.460675324675321,1.5189156250455873,0.9979155955244132
Extra_Trees_Ensemble,Tensile_Strength_Mpa,3,0.4213083757472126,0.25164502164502967,1.0617228332458957,0.9988238052925024
Extra_Trees_Ensemble,Compressive_Strength_Mpa,3,0.5295479898867304,0.31802597402597854,1.0992104809689807,0.9988102737504282
Extra_Trees_Ensemble,Tensile_Strength_Mpa,4,0.5433650875986197,0.3312850877193062,1.4214835477046173,0.9978476066201286
Extra_Trees_Ensemble,Compressive_Strength_Mpa,4,0.6820767929361143,0.41670175438596935,1.4272846611208234,0.9978271486484264
Extra_Trees_Ensemble,Tensile_Strength_Mpa,5,0.3609462405905944,0.22768859649123543,1.1087801804932862,0.9986683562104361
Extra_Trees_Ensemble,Compressive_Strength_Mpa,5,0.4538953881587752,0.28506140350878606,1.107535741972092,0.9986508988238357
Hist_Gradient_Boosting,Tensile_Strength_Mpa,1,0.25595730837500213,0.14013289171463394,0.5886979590419386,0.9995937679757816
Hist_Gradient_Boosting,Compressive_Strength_Mpa,1,0.3227716321259491,0.16594133928964236,0.5360184477902296,0.9995866027590508
Hist_Gradient_Boosting,Tensile_Strength_Mpa,2,0.39805713055271474,0.21902910499795858,0.8215484206323904,0.9990275184624774
Hist_Gradient_Boosting,Compressive_Strength_Mpa,2,0.50619304103005,0.26886060251686866,0.7848710026376162,0.9989931849068222
Hist_Gradient_Boosting,Tensile_Strength_Mpa,3,0.19806115299235924,0.13032055272075968,0.6543486234660237,0.9997400572910997
Hist_Gradient_Boosting,Compressive_Strength_Mpa,3,0.21939527857204347,0.14290124111596356,0.6233592711624496,0.9997957834426876
Hist_Gradient_Boosting,Tensile_Strength_Mpa,4,0.22739886428976974,0.13417565760675113,0.5725595749173181,0.9996230230736913
Hist_Gradient_Boosting,Compressive_Strength_Mpa,4,0.3018063527557082,0.1744261425722653,0.6076409561832968,0.9995745777266459
Hist_Gradient_Boosting,Tensile_Strength_Mpa,5,0.16694571110250694,0.12478580462890253,0.6544646319229247,0.9997151255136895
Hist_Gradient_Boosting,Compressive_Strength_Mpa,5,0.2081924852717954,0.1506851352182426,0.6265345357415373,0.9997161668743113
XGBoost_Ensemble,Tensile_Strength_Mpa,1,0.5013262532646364,0.3614986196740881,2.058392044894825,0.9984415962514164
XGBoost_Ensemble,Compressive_Strength_Mpa,1,0.6238139194327247,0.4505564962114606,2.109405084183711,0.9984558589112531
XGBoost_Ensemble,Tensile_Strength_Mpa,2,0.5514484161734448,0.4170360862434685,2.1728763907089204,0.9981336188633245
XGBoost_Ensemble,Compressive_Strength_Mpa,2,0.6950425688070145,0.5226907110833504,2.1780813384866815,0.9981018077956227
XGBoost_Ensemble,Tensile_Strength_Mpa,3,0.415431507170003,0.2790242950637624,1.3976431385943975,0.9988563901242926
XGBoost_Ensemble,Compressive_Strength_Mpa,3,0.5300644976790969,0.35164106542413864,1.418887218294353,0.9988079517604452
XGBoost_Ensemble,Tensile_Strength_Mpa,4,0.47408047530584496,0.3827166419280205,2.3825749763185273,0.9983615155445718
XGBoost_Ensemble,Compressive_Strength_Mpa,4,0.5874976881535492,0.4775112628936767,2.382256854298243,0.9983879600742744
XGBoost_Ensemble,Tensile_Strength_Mpa,5,0.5037446636781918,0.40184520420275255,2.4783721182519796,0.9974062749317809
XGBoost_Ensemble,Compressive_Strength_Mpa,5,0.6281465081217681,0.5045077474493727,2.475421579632393,0.9974162238774006
