Model,Rank,CV_R2,CV_RMSE,Holdout_R2,Holdout_RMSE
Hist_Gradient_Boosting,1,0.999537,0.280478,0.99959,0.289364
Extra_Trees_Ensemble,2,0.998481,0.513533,0.999092,0.430881
Decision_Tree,3,0.998365,0.513887,0.999264,0.387466
Random_Forest_Tuned,4,0.998248,0.54435,0.999337,0.367863
XGBoost_Ensemble,5,0.998237,0.55106,0.998659,0.522901
Bayesian_Regularized_ANN,6,0.997927,0.602987,0.99741,0.728867
Support_Vector_Regression_SVR,7,0.980389,1.84962,0.987385,1.604786
Adam_ANN_MLP,8,0.979511,1.9136,0.979452,2.060442
AdaBoost,9,0.955746,2.799291,0.9636,2.724845
