Nozzle_Temp_C,Bed_Temp_C,Print_Speed_mm_per_s,Layer_Height_mm,Infill_Density_percent,WorstCase_Tensile_MPa,WorstCase_Compressive_MPa,WorstCase_Composite_MPa,Print_Time_Index
235.0,70.0,70.0,0.8,20.0,6.05,7.61,6.83,7.9
235.0,90.0,55.0,0.8,20.0,6.77,8.47,7.62,10.0
235.0,70.0,70.0,0.8,40.0,12.49,15.65,14.07,10.4
225.0,70.0,70.0,0.8,60.0,18.22,22.83,20.52,12.9
235.0,70.0,70.0,0.8,80.0,24.55,30.65,27.6,15.4
225.0,70.0,70.0,0.8,100.0,30.84,38.64,34.74,17.9
225.0,70.0,55.0,0.8,100.0,33.84,42.29,38.06,22.7
225.0,70.0,35.0,0.8,100.0,37.71,47.27,42.49,35.7
225.0,90.0,70.0,0.2,100.0,41.25,51.64,46.45,71.4
225.0,70.0,55.0,0.2,100.0,46.49,58.3,52.39,90.9
225.0,90.0,35.0,0.2,100.0,50.41,63.02,56.71,142.9
