Algorithm,Validation,Property,MSE,RMSE,MAE,MAPE_%,MSE_norm,RMSE_norm,MAE_norm,Source
Adam-optimised ANN (Paper),Hold-out,Tensile Strength,0.0523,0.2031,0.1601,0.85,,,,Paper Table 4 (units as reported)
Adam-optimised ANN (Paper),Hold-out,Compressive Strength,0.0523,0.2516,0.1973,0.84,,,,Paper Table 4 (units as reported)
Adam-optimised ANN (Paper),5-Fold CV,Tensile Strength,0.0586,0.2126,0.1541,0.74,,,,Paper Table 4 (units as reported)
Adam-optimised ANN (Paper),5-Fold CV,Compressive Strength,0.0586,0.2661,0.1931,0.72,,,,Paper Table 4 (units as reported)
Bayesian-regularised ANN (Paper),Hold-out,Tensile Strength,0.0001,0.01,0.002,0.01,,,,Paper Table 4 (units as reported)
Bayesian-regularised ANN (Paper),Hold-out,Compressive Strength,0.0001,0.0077,0.0019,0.01,,,,Paper Table 4 (units as reported)
Bayesian-regularised ANN (Paper),5-Fold CV,Tensile Strength,1.7543,0.0125,5.5,0.03,,,,Paper Table 4 (units as reported)
Bayesian-regularised ANN (Paper),5-Fold CV,Compressive Strength,1.6458,0.012,5.5263,0.025,,,,Paper Table 4 (units as reported)
Adam-optimised ANN (our replication),Hold-out,Tensile Strength,2.5038,1.5823,1.1805,7.136,0.00125,0.03532,0.02635,This work (MPa; *_norm on min-max scaled targets)
Adam-optimised ANN (our replication),Hold-out,Compressive Strength,6.4443,2.5386,1.9634,10.225,0.00205,0.04533,0.03506,This work (MPa; *_norm on min-max scaled targets)
Adam-optimised ANN (our replication),5-Fold CV,Tensile Strength,2.5336,1.5817,1.2273,7.335,0.00126,0.03531,0.0274,This work (MPa; *_norm on min-max scaled targets)
Adam-optimised ANN (our replication),5-Fold CV,Compressive Strength,5.1404,2.2455,1.8214,8.714,0.00164,0.0401,0.03252,This work (MPa; *_norm on min-max scaled targets)
Bayesian-regularised ANN (our replication),Hold-out,Tensile Strength,0.3976,0.6305,0.4717,2.432,0.0002,0.01407,0.01053,This work (MPa; *_norm on min-max scaled targets)
Bayesian-regularised ANN (our replication),Hold-out,Compressive Strength,0.6843,0.8272,0.6045,2.45,0.00022,0.01477,0.01079,This work (MPa; *_norm on min-max scaled targets)
Bayesian-regularised ANN (our replication),5-Fold CV,Tensile Strength,0.296,0.538,0.4062,2.021,0.00015,0.01201,0.00907,This work (MPa; *_norm on min-max scaled targets)
Bayesian-regularised ANN (our replication),5-Fold CV,Compressive Strength,0.458,0.668,0.4956,1.93,0.00015,0.01193,0.00885,This work (MPa; *_norm on min-max scaled targets)
Histogram Gradient Boosting (proposed),Hold-out,Tensile Strength,0.0655,0.256,0.1401,0.589,3e-05,0.00571,0.00313,This work (MPa; *_norm on min-max scaled targets)
Histogram Gradient Boosting (proposed),Hold-out,Compressive Strength,0.1042,0.3228,0.1659,0.536,3e-05,0.00576,0.00296,This work (MPa; *_norm on min-max scaled targets)
Histogram Gradient Boosting (proposed),5-Fold CV,Tensile Strength,0.0686,0.2493,0.1497,0.658,3e-05,0.00556,0.00334,This work (MPa; *_norm on min-max scaled targets)
Histogram Gradient Boosting (proposed),5-Fold CV,Compressive Strength,0.1086,0.3117,0.1806,0.636,3e-05,0.00557,0.00322,This work (MPa; *_norm on min-max scaled targets)
Extra Trees (proposed),Hold-out,Tensile Strength,0.1448,0.3806,0.2468,1.034,7e-05,0.00849,0.00551,This work (MPa; *_norm on min-max scaled targets)
Extra Trees (proposed),Hold-out,Compressive Strength,0.2315,0.4812,0.3119,1.052,7e-05,0.00859,0.00557,This work (MPa; *_norm on min-max scaled targets)
Extra Trees (proposed),5-Fold CV,Tensile Strength,0.2131,0.4536,0.2839,1.223,0.00011,0.01012,0.00634,This work (MPa; *_norm on min-max scaled targets)
Extra Trees (proposed),5-Fold CV,Compressive Strength,0.3413,0.5735,0.3582,1.241,0.00011,0.01024,0.0064,This work (MPa; *_norm on min-max scaled targets)
