Combination,Nozzle_Temp_C,Bed_Temp_C,Print_Speed_mm_per_s,Layer_Height_mm,Infill_Density_percent,Predicted_Tensile_MPa,Predicted_Compressive_MPa,Layer_Height_Tested_In_Dataset
1,200.0,50.0,10.0,0.2,20.0,9.49,11.85,True
2,200.0,80.0,40.0,0.5,60.0,28.75,36.05,False
3,200.0,110.0,70.0,0.8,100.0,29.39,36.75,True
4,225.0,50.0,40.0,0.5,20.0,10.0,12.57,False
5,225.0,80.0,70.0,0.8,60.0,18.28,22.89,True
6,225.0,110.0,10.0,0.2,100.0,50.38,63.0,True
7,250.0,50.0,10.0,0.2,60.0,28.72,35.96,True
8,250.0,80.0,40.0,0.8,100.0,36.22,45.22,True
9,250.0,110.0,70.0,0.5,20.0,7.97,9.97,False
10,200.0,50.0,40.0,0.5,100.0,47.97,59.95,False
11,200.0,80.0,70.0,0.8,20.0,5.57,7.01,True
12,200.0,110.0,10.0,0.2,60.0,28.76,36.07,True
13,225.0,50.0,40.0,0.2,100.0,50.37,62.98,True
14,225.0,80.0,70.0,0.5,20.0,8.49,10.64,False
15,225.0,110.0,10.0,0.8,60.0,22.45,28.12,True
